{"cameraMode":{"drawMode":0,"name":"Shaded","section":"Shading Mode"},"sceneLighting":true,"audioPlay":false,"sceneViewState":{"showFog":true,"showMaterialUpdate":false,"showSkybox":true,"showFlares":true,"showImageEffects":true,"showParticleSystems":true,"showVisualEffectGraphs":true,"m_FxEnabled":true},"in2DMode":false,"pivot":{"x":656.4793090820313,"y":1072.758544921875,"z":660.8509521484375},"rotation":{"x":0.014689703471958638,"y":-0.000902425090316683,"z":-0.000013092709195916541,"w":-0.9998911619186401},"size":1311.3389892578125,"orthographic":false}